bery_vyh_brewery,unttapd_brewery,unttapd_url
Eibau,Privatbrauerei Eibau,https://untappd.com/w/privatbrauerei-eibau/28884/beer
3 Fonteinen,Brouwerij 3 Fonteinen,https://untappd.com/b/brouwerij-3-fonteinen-3-fonteinen-oude-geuze/4009
De Cam,Geuzestekerij De Cam,https://untappd.com/w/geuzestekerij-de-cam/4934/beer
Af Brew,AF Brew,https://untappd.com/AntiFactory/beer
Huyghe,Delirium - Huyghe Brewery,https://untappd.com/BrouwerijHuyghe
Black Cat,Black Cat Brewery,https://untappd.com/BlackCatBrewery
Jaws,Jaws Brewery,https://untappd.com/JawsBrew
Paradox,Paradox,https://untappd.com/paradox-beer
Бакунин,Bakunin Brewing Co.,https://untappd.com/BakuninBrewery
Van Steenberge,Brouwerij Van Steenberge,https://untappd.com/BrouwerijVanSteenberge/beer
Alvinne,Brouwerij Alvinne,https://untappd.com/MarcDKAlvinne
Crooked Stave,Crooked Stave Artisan Beer Project,https://untappd.com/CrookedStave
Konix,Konix Brewery,https://untappd.com/KonixBrewery
Василеостровская,Vasileostrovskaya Brewery (Василеостровская Пивоварня),https://untappd.com/VasileostrovskayaBrewery
Alaska,ALASKA brewery,https://untappd.com/AlaskaBreweryCo
Van Honsebrouck,Kasteel Brouwerij Vanhonsebrouck,https://untappd.com/CastleBreweryVanHonsebrouck
Boon,Brouwerij Boon,https://untappd.com/BrouwerijBoon
Magic Mess,Magic Mess,https://untappd.com/MagicMess
Sindrom,SINDROM Brewery,https://untappd.com/SINDROM_Brewery
Khoffner,Khoffner Brewery,https://untappd.com/Khoffner_RU
St. Bernardus,Brouwerij St.Bernardus,https://untappd.com/BrouwerijStBernardus
Tilquin,Gueuzerie Tilquin,https://untappd.com/GueuzerieTilquin
Zavod,Zavod,https://untappd.com/Zavodbrewery
Atmosphere,Atmosphere Brewery,https://untappd.com/Atmosphere_Brewery
Lambiek Fabriek,Lambiek Fabriek,https://untappd.com/LambiekFabriek
Brewlok,Brewlok Brewery,https://untappd.com/Brewlokbrewery
Bullevie Cidre,Bullevie,https://untappd.com/Bullevie_Cidre
Verzet,Brouwerij 't Verzet,https://untappd.com/BrouwersVerzet
De Dochter Van De Korenaar,Brouwerij De Dochter van de Korenaar,https://untappd.com/dedochtervandekorenaar
Oud Beersel,Oud Beersel,https://untappd.com/oudbeersel
Red Button,Red Button Brewery,https://untappd.com/RedButtonBrewery
Saldens,Salden's Brewery,https://untappd.com/Saldens/beer
Selfmade,Selfmade Brewery,https://untappd.com/Selfmade_Brewery
4Brewers,4Brewers,https://untappd.com/4brewers
Brewmen,Brewmen,https://untappd.com/BrewmenBrewery
Burning,Burning Brewery,https://untappd.com/BurningBrewery
Axiom,Axiom,https://untappd.com/axiombrewery
Chibis,Chibis,https://untappd.com/CHIBISBrewery
Midnight Project,Midnight Project,https://untappd.com/MidnightProject
Nuclear,Nuclear Brewery,https://untappd.com/NuclearBrewery